{
    "iteration": 15,
    "main_root": "/home/majnooni/VanVuongLAI/code_lai_contact_plane_plane_understressplane/contact_plate_plate_stressplane/results_all",
    "path_A1": "/home/majnooni/VanVuongLAI/code_lai_contact_plane_plane_understressplane/contact_plate_plate_stressplane/results_all/plane_plane1_100koi0.2/UNV/analysis_15_A1.unv",
    "path_A2": "/home/majnooni/VanVuongLAI/code_lai_contact_plane_plane_understressplane/contact_plate_plate_stressplane/results_all/plane_plane1_100koi0.2/UNV/analysis_15_A2.unv",
    "path_A3": "/home/majnooni/VanVuongLAI/code_lai_contact_plane_plane_understressplane/contact_plate_plate_stressplane/results_all/plane_plane1_100koi0.2/UNV/analysis_15_A3.unv",
    "path_A4": "/home/majnooni/VanVuongLAI/code_lai_contact_plane_plane_understressplane/contact_plate_plate_stressplane/results_all/plane_plane1_100koi0.2/UNV/analysis_15_A4.unv",
    "path_A5": "/home/majnooni/VanVuongLAI/code_lai_contact_plane_plane_understressplane/contact_plate_plate_stressplane/results_all/plane_plane1_100koi0.2/UNV/analysis_15_A5.unv",
    "path_elems_criteria": "/home/majnooni/VanVuongLAI/code_lai_contact_plane_plane_understressplane/contact_plate_plate_stressplane/results_all/elems_criteria.txt",
    "path_rmed": "/home/majnooni/VanVuongLAI/code_lai_contact_plane_plane_understressplane/contact_plate_plate_stressplane/results_all/plane_plane1_100koi0.2/RMED/analysis_15.rmed",
    "path_vtk": "/home/majnooni/VanVuongLAI/code_lai_contact_plane_plane_understressplane/contact_plate_plate_stressplane/results_all/plane_plane1_100koi0.2/VTK/analysis_15.vtk",
    "elems_props_new": "/home/majnooni/VanVuongLAI/code_lai_contact_plane_plane_understressplane/contact_plate_plate_stressplane/results_all/plane_plane1_100koi0.2/JSON/dct_pgA2_16.json",
    "elems_props_current": "/home/majnooni/VanVuongLAI/code_lai_contact_plane_plane_understressplane/contact_plate_plate_stressplane/results_all/plane_plane1_100koi0.2/JSON/dct_pgA2_15.json",
    "path_cp_values": "/home/majnooni/VanVuongLAI/code_lai_contact_plane_plane_understressplane/contact_plate_plate_stressplane/results_all/plane_plane1_100koi0.2/RMED/cp_values_15.json",
    "path_Eevo": "/home/majnooni/VanVuongLAI/code_lai_contact_plane_plane_understressplane/contact_plate_plate_stressplane/results_all/E_evolution.txt",
    "Encc": 80000,
    "Eecc": 200000,
    "Eecc0": 200000,
    "Ecc": 200000,
    "Nuncc": 0.3,
    "Nuecc": 0.3,
    "Emin": 80000,
    "Emax": 200000,
    "Fy": -2500.0,
    "h1": 40,
    "l2": 50,
    "lcontour": 10,
    "kappa": 100,
    "koi": 0.2,
    "repertoire": "/home/majnooni/VanVuongLAI/code_lai_contact_plane_plane_understressplane/contact_plate_plate_stressplane/results_all/plane_plane1_100koi0.2",
    "fichier_folder": "contact_plate_plate_stressplane/results_all"
}